1911,,,,-1,[],FALSE,,"[{""name"":"""",""type"":""normal"",""charge"":"""",""num"":0,""description"":""          "",""tag"":[]}]",[],0,0,0,,,
1912,,,,-1,[],FALSE,,"[{""name"":"""",""type"":""normal"",""charge"":"""",""num"":0,""description"":""          "",""tag"":[]}]",[],0,0,0,,,
1913,,,,-1,[],FALSE,,"[{""name"":"""",""type"":""normal"",""charge"":"""",""num"":0,""description"":""          "",""tag"":[]}]",[],0,0,0,,,
1914,,,,-1,[],FALSE,,"[{""name"":"""",""type"":""normal"",""charge"":"""",""num"":0,""description"":""          "",""tag"":[]}]",[],0,0,0,,,
1915,,,,-1,[],FALSE,,"[{""name"":"""",""type"":""normal"",""charge"":"""",""num"":0,""description"":""          "",""tag"":[]}]",[],0,0,0,,,
1997,,,,-1,[],FALSE,,"[{""name"":"""",""type"":""normal"",""charge"":"""",""num"":0,""description"":""          "",""tag"":[]}]",[],0,0,0,,,
2332,,,,-1,[],FALSE,,"[{""name"":"""",""type"":""normal"",""charge"":""CD"",""num"":0,""description"":""          "",""tag"":[]}]",[],0,0,0,,,
2358,,,,-1,[],FALSE,,"[{""name"":"""",""type"":""normal"",""charge"":""CD"",""num"":0,""description"":""          "",""tag"":[]}]",[],0,0,0,,,
2594,,,,0,[],FALSE,,"[{""name"":"""",""type"":""normal"",""charge"":""CD"",""num"":0,""description"":""          "",""tag"":[]}]",[],0,0,0,,,
2866,,,,0,[],FALSE,,"[{""name"":"""",""type"":""normal"",""charge"":""CD"",""num"":0,""description"":""                  "",""tag"":[]}]",[],0,0,0,,,
2867,,,,0,[],FALSE,,"[{""name"":"""",""type"":""normal"",""charge"":""CD"",""num"":0,""description"":""                  "",""tag"":[]}]",[],0,0,0,,,
2868,,,,0,[],FALSE,,"[{""name"":"""",""type"":""normal"",""charge"":""CD"",""num"":0,""description"":""                  "",""tag"":[]}]",[],0,0,0,,,
2869,,,,0,[],FALSE,,"[{""name"":"""",""type"":""normal"",""charge"":""CD"",""num"":0,""description"":""                  "",""tag"":[]}]",[],0,0,0,,,
2870,,,,0,[],FALSE,,"[{""name"":"""",""type"":""normal"",""charge"":""CD"",""num"":0,""description"":""                  "",""tag"":[]}]",[],0,0,0,,,
2871,,,,0,[],FALSE,,"[{""name"":"""",""type"":""normal"",""charge"":""CD"",""num"":0,""description"":""                  "",""tag"":[]}]",[],0,0,0,,,
2872,,,,0,[],FALSE,,"[{""name"":"""",""type"":""normal"",""charge"":""CD"",""num"":0,""description"":""                  "",""tag"":[]}]",[],0,0,0,,,
2873,,,,0,[],FALSE,,"[{""name"":"""",""type"":""normal"",""charge"":""CD"",""num"":0,""description"":""                  "",""tag"":[]}]",[],0,0,0,,,
2875,,,,0,[],FALSE,,"[{""name"":"""",""type"":""normal"",""charge"":""CD"",""num"":0,""description"":""                  "",""tag"":[]}]",[],0,0,0,,,
2876,,,,0,[],FALSE,,"[{""name"":"""",""type"":""normal"",""charge"":""CD"",""num"":0,""description"":""                  "",""tag"":[]}]",[],0,0,0,,,
2877,,,,0,[],FALSE,,"[{""name"":"""",""type"":""normal"",""charge"":""CD"",""num"":0,""description"":""                  "",""tag"":[]}]",[],0,0,0,,,
2878,,,,0,[],FALSE,,"[{""name"":"""",""type"":""normal"",""charge"":""CD"",""num"":0,""description"":""                  "",""tag"":[]}]",[],0,0,0,,,
2879,,,,0,[],FALSE,,"[{""name"":"""",""type"":""normal"",""charge"":""CD"",""num"":0,""description"":""                  "",""tag"":[]}]",[],0,0,0,,,
2880,,,,0,[],FALSE,,"[{""name"":"""",""type"":""normal"",""charge"":""CD"",""num"":0,""description"":""                  "",""tag"":[]}]",[],0,0,0,,,
2881,,,,0,[],FALSE,,"[{""name"":"""",""type"":""normal"",""charge"":""CD"",""num"":0,""description"":""                  "",""tag"":[]}]",[],0,0,0,,,
2882,,,,0,[],FALSE,,"[{""name"":"""",""type"":""normal"",""charge"":""CD"",""num"":0,""description"":""                  "",""tag"":[]}]",[],0,0,0,,,
2883,,,,0,[],FALSE,,"[{""name"":"""",""type"":""normal"",""charge"":""CD"",""num"":0,""description"":""                  "",""tag"":[]}]",[],0,0,0,,,
2884,,,,0,[],FALSE,,"[{""name"":"""",""type"":""normal"",""charge"":""CD"",""num"":0,""description"":""                  "",""tag"":[]}]",[],0,0,0,,,
2885,,,,0,[],FALSE,,"[{""name"":"""",""type"":""normal"",""charge"":""CD"",""num"":0,""description"":""                  "",""tag"":[]}]",[],0,0,0,,,
2886,,,,0,[],FALSE,,"[{""name"":"""",""type"":""normal"",""charge"":""CD"",""num"":0,""description"":""                  "",""tag"":[]}]",[],0,0,0,,,
2887,,,,0,[],FALSE,,"[{""name"":"""",""type"":""normal"",""charge"":""CD"",""num"":0,""description"":""                  "",""tag"":[]}]",[],0,0,0,,,
2888,,,,0,[],FALSE,,"[{""name"":"""",""type"":""normal"",""charge"":""CD"",""num"":0,""description"":""                  "",""tag"":[]}]",[],0,0,0,,,
2889,,,,0,[],FALSE,,"[{""name"":"""",""type"":""normal"",""charge"":""CD"",""num"":0,""description"":""                  "",""tag"":[]}]",[],0,0,0,,,
2890,,,,0,[],FALSE,,"[{""name"":"""",""type"":""normal"",""charge"":""CD"",""num"":0,""description"":""                  "",""tag"":[]}]",[],0,0,0,,,
2891,,,,0,[],FALSE,,"[{""name"":"""",""type"":""normal"",""charge"":""CD"",""num"":0,""description"":""                  "",""tag"":[]}]",[],0,0,0,,,
2892,,,,0,[],FALSE,,"[{""name"":"""",""type"":""normal"",""charge"":""CD"",""num"":0,""description"":""                  "",""tag"":[]}]",[],0,0,0,,,
2893,,,,0,[],FALSE,,"[{""name"":"""",""type"":""normal"",""charge"":""CD"",""num"":0,""description"":""                  "",""tag"":[]}]",[],0,0,0,,,
2894,,,,0,[],FALSE,,"[{""name"":"""",""type"":""normal"",""charge"":""CD"",""num"":0,""description"":""                  "",""tag"":[]}]",[],0,0,0,,,
2895,,,,0,[],FALSE,,"[{""name"":"""",""type"":""normal"",""charge"":""CD"",""num"":0,""description"":""                  "",""tag"":[]}]",[],0,0,0,,,
2896,,,,0,[],FALSE,,"[{""name"":"""",""type"":""normal"",""charge"":""CD"",""num"":0,""description"":""                  "",""tag"":[]}]",[],0,0,0,,,
2897,,,,0,[],FALSE,,"[{""name"":"""",""type"":""normal"",""charge"":""CD"",""num"":0,""description"":""                  "",""tag"":[]}]",[],0,0,0,,,
2898,,,,0,[],FALSE,,"[{""name"":"""",""type"":""normal"",""charge"":""CD"",""num"":0,""description"":""                  "",""tag"":[]}]",[],0,0,0,,,
2899,,,,0,[],FALSE,,"[{""name"":"""",""type"":""normal"",""charge"":""CD"",""num"":0,""description"":""                  "",""tag"":[]}]",[],0,0,0,,,
7035,,,,0,[],FALSE,,"[{""name"":"""",""type"":""normal"",""charge"":"""",""num"":0,""description"":""          "",""tag"":[]}]",[],0,0,0,,,
7036,,,,0,[],FALSE,,"[{""name"":"""",""type"":""normal"",""charge"":"""",""num"":0,""description"":""          "",""tag"":[]}]",[],0,0,0,,,
7037,,,,0,[],FALSE,,"[{""name"":"""",""type"":""normal"",""charge"":"""",""num"":0,""description"":""          "",""tag"":[]}]",[],0,0,0,,,
7038,,,,0,[],FALSE,,"[{""name"":"""",""type"":""normal"",""charge"":"""",""num"":0,""description"":""          "",""tag"":[]}]",[],0,0,0,,,
7039,,,,0,[],FALSE,,"[{""name"":"""",""type"":""normal"",""charge"":"""",""num"":0,""description"":""          "",""tag"":[]}]",[],0,0,0,,,
7040,,,,0,[],FALSE,,"[{""name"":"""",""type"":""normal"",""charge"":"""",""num"":0,""description"":""          "",""tag"":[]}]",[],0,0,0,,,
7041,,,,0,[],FALSE,,"[{""name"":"""",""type"":""normal"",""charge"":"""",""num"":0,""description"":""          "",""tag"":[]}]",[],0,0,0,,,
7042,,,,0,[],FALSE,,"[{""name"":"""",""type"":""normal"",""charge"":"""",""num"":0,""description"":""          "",""tag"":[]}]",[],0,0,0,,,
7043,,,,0,[],FALSE,,"[{""name"":"""",""type"":""normal"",""charge"":"""",""num"":0,""description"":""          "",""tag"":[]}]",[],0,0,0,,,
7044,,,,0,[],FALSE,,"[{""name"":"""",""type"":""normal"",""charge"":"""",""num"":0,""description"":""          "",""tag"":[]}]",[],0,0,0,,,
7045,,,,0,[],FALSE,,"[{""name"":"""",""type"":""normal"",""charge"":"""",""num"":0,""description"":""          "",""tag"":[]}]",[],0,0,0,,,
7046,,,,0,[],FALSE,,"[{""name"":"""",""type"":""normal"",""charge"":"""",""num"":0,""description"":""          "",""tag"":[]}]",[],0,0,0,,,
7047,,,,0,[],FALSE,,"[{""name"":"""",""type"":""normal"",""charge"":"""",""num"":0,""description"":""          "",""tag"":[]}]",[],0,0,0,,,
7048,,,,0,[],FALSE,,"[{""name"":"""",""type"":""normal"",""charge"":"""",""num"":0,""description"":""          "",""tag"":[]}]",[],0,0,0,,,
7049,,,,0,[],FALSE,,"[{""name"":"""",""type"":""normal"",""charge"":"""",""num"":0,""description"":""          "",""tag"":[]}]",[],0,0,0,,,
7050,,,,0,[],FALSE,,"[{""name"":"""",""type"":""normal"",""charge"":"""",""num"":0,""description"":""          "",""tag"":[]}]",[],0,0,0,,,
9020,,,,0,[],FALSE,,"[{""name"":"""",""type"":""normal"",""charge"":"""",""num"":0,""description"":""          "",""tag"":[]}]",[],0,0,0,,,
9021,,,,0,[],FALSE,,"[{""name"":"""",""type"":""normal"",""charge"":"""",""num"":0,""description"":""          "",""tag"":[]}]",[],0,0,0,,,
9022,,,,0,[],FALSE,,"[{""name"":"""",""type"":""normal"",""charge"":"""",""num"":0,""description"":""          "",""tag"":[]}]",[],0,0,0,,,
9023,,,,0,[],FALSE,,"[{""name"":"""",""type"":""normal"",""charge"":"""",""num"":0,""description"":""          "",""tag"":[]}]",[],0,0,0,,,
9024,,,,0,[],FALSE,,"[{""name"":"""",""type"":""normal"",""charge"":"""",""num"":0,""description"":""          "",""tag"":[]}]",[],0,0,0,,,
9025,,,,0,[],FALSE,,"[{""name"":"""",""type"":""normal"",""charge"":"""",""num"":0,""description"":""          "",""tag"":[]}]",[],0,0,0,,,
9026,,,,0,[],FALSE,,"[{""name"":"""",""type"":""normal"",""charge"":"""",""num"":0,""description"":""          "",""tag"":[]}]",[],0,0,0,,,
9027,,,,0,[],FALSE,,"[{""name"":"""",""type"":""normal"",""charge"":"""",""num"":0,""description"":""          "",""tag"":[]}]",[],0,0,0,,,
9028,,,,0,[],FALSE,,"[{""name"":"""",""type"":""normal"",""charge"":"""",""num"":0,""description"":""          "",""tag"":[]}]",[],0,0,0,,,
9029,,,,0,[],FALSE,,"[{""name"":"""",""type"":""normal"",""charge"":"""",""num"":0,""description"":""          "",""tag"":[]}]",[],0,0,0,,,
9030,,,,0,[],FALSE,,"[{""name"":"""",""type"":""normal"",""charge"":"""",""num"":0,""description"":""          "",""tag"":[]}]",[],0,0,0,,,
9031,,,,0,[],FALSE,,"[{""name"":"""",""type"":""normal"",""charge"":"""",""num"":0,""description"":""          "",""tag"":[]}]",[],0,0,0,,,
9032,,,,0,[],FALSE,,"[{""name"":"""",""type"":""normal"",""charge"":"""",""num"":0,""description"":""          "",""tag"":[]}]",[],0,0,0,,,
9033,,,,0,[],FALSE,,"[{""name"":"""",""type"":""normal"",""charge"":"""",""num"":0,""description"":""          "",""tag"":[]}]",[],0,0,0,,,
9034,,,,0,[],FALSE,,"[{""name"":"""",""type"":""normal"",""charge"":"""",""num"":0,""description"":""          "",""tag"":[]}]",[],0,0,0,,,
9035,,,,0,[],FALSE,,"[{""name"":"""",""type"":""normal"",""charge"":"""",""num"":0,""description"":""          "",""tag"":[]}]",[],0,0,0,,,
9036,,,,0,[],FALSE,,"[{""name"":"""",""type"":""normal"",""charge"":"""",""num"":0,""description"":""          "",""tag"":[]}]",[],0,0,0,,,
9037,,,,0,[],FALSE,,"[{""name"":"""",""type"":""normal"",""charge"":"""",""num"":0,""description"":""          "",""tag"":[]}]",[],0,0,0,,,
9038,,,,0,[],FALSE,,"[{""name"":"""",""type"":""normal"",""charge"":"""",""num"":0,""description"":""          "",""tag"":[]}]",[],0,0,0,,,
9039,,,,0,[],FALSE,,"[{""name"":"""",""type"":""normal"",""charge"":"""",""num"":0,""description"":""          "",""tag"":[]}]",[],0,0,0,,,
9040,,,,0,[],FALSE,,"[{""name"":"""",""type"":""normal"",""charge"":"""",""num"":0,""description"":""          "",""tag"":[]}]",[],0,0,0,,,
9041,,,,0,[],FALSE,,"[{""name"":"""",""type"":""normal"",""charge"":"""",""num"":0,""description"":""          "",""tag"":[]}]",[],0,0,0,,,
9042,,,,0,[],FALSE,,"[{""name"":"""",""type"":""normal"",""charge"":"""",""num"":0,""description"":""          "",""tag"":[]}]",[],0,0,0,,,
9043,,,,0,[],FALSE,,"[{""name"":"""",""type"":""normal"",""charge"":"""",""num"":0,""description"":""          "",""tag"":[]}]",[],0,0,0,,,
9044,,,,0,[],FALSE,,"[{""name"":"""",""type"":""normal"",""charge"":"""",""num"":0,""description"":""          "",""tag"":[]}]",[],0,0,0,,,
9045,,,,0,[],FALSE,,"[{""name"":"""",""type"":""normal"",""charge"":"""",""num"":0,""description"":""          "",""tag"":[]}]",[],0,0,0,,,
9046,,,,0,[],FALSE,,"[{""name"":"""",""type"":""normal"",""charge"":"""",""num"":0,""description"":""          "",""tag"":[]}]",[],0,0,0,,,
9047,,,,0,[],FALSE,,"[{""name"":"""",""type"":""normal"",""charge"":"""",""num"":0,""description"":""          "",""tag"":[]}]",[],0,0,0,,,
9048,,,,0,[],FALSE,,"[{""name"":"""",""type"":""normal"",""charge"":"""",""num"":0,""description"":""          "",""tag"":[]}]",[],0,0,0,,,
9049,,,,0,[],FALSE,,"[{""name"":"""",""type"":""normal"",""charge"":"""",""num"":0,""description"":""          "",""tag"":[]}]",[],0,0,0,,,
9050,,,,0,[],FALSE,,"[{""name"":"""",""type"":""normal"",""charge"":"""",""num"":0,""description"":""          "",""tag"":[]}]",[],0,0,0,,,
10289,,,,0,[],FALSE,,"[{""name"":"""",""type"":""normal"",""charge"":""CD"",""num"":0,""description"":""          "",""tag"":[]}]",[],0,0,0,,,
10476,,,,0,[],FALSE,,"[{""name"":"""",""type"":""normal"",""charge"":""CD"",""num"":0,""description"":""          "",""tag"":[]}]",[],0,0,0,,,
10477,,,,0,[],FALSE,,"[{""name"":"""",""type"":""normal"",""charge"":""CD"",""num"":0,""description"":""          "",""tag"":[]}]",[],0,0,0,,,
10478,,,,0,[],FALSE,,"[{""name"":"""",""type"":""normal"",""charge"":""CD"",""num"":0,""description"":""          "",""tag"":[]}]",[],0,0,0,,,
10619,,,,0,[],FALSE,,"[{""name"":"""",""type"":""normal"",""charge"":""CD"",""num"":0,""description"":""                  "",""tag"":[]}]",[],0,0,0,,,
10636,,,,0,[],FALSE,,"[{""name"":"""",""type"":""normal"",""charge"":""CD"",""num"":0,""description"":""                  "",""tag"":[]}]",[],0,0,0,,,
10637,,,,0,[],FALSE,,"[{""name"":"""",""type"":""normal"",""charge"":""CD"",""num"":0,""description"":""                  "",""tag"":[]}]",[],0,0,0,,,
10638,,,,0,[],FALSE,,"[{""name"":"""",""type"":""normal"",""charge"":""CD"",""num"":0,""description"":""                  "",""tag"":[]}]",[],0,0,0,,,
10639,,,,0,[],FALSE,,"[{""name"":"""",""type"":""normal"",""charge"":""CD"",""num"":0,""description"":""                  "",""tag"":[]}]",[],0,0,0,,,
10640,,,,0,[],FALSE,,"[{""name"":"""",""type"":""normal"",""charge"":""CD"",""num"":0,""description"":""                  "",""tag"":[]}]",[],0,0,0,,,
10641,,,,0,[],FALSE,,"[{""name"":"""",""type"":""normal"",""charge"":""CD"",""num"":0,""description"":""                  "",""tag"":[]}]",[],0,0,0,,,
10642,,,,0,[],FALSE,,"[{""name"":"""",""type"":""normal"",""charge"":""CD"",""num"":0,""description"":""                  "",""tag"":[]}]",[],0,0,0,,,
10643,,,,0,[],FALSE,,"[{""name"":"""",""type"":""normal"",""charge"":""CD"",""num"":0,""description"":""                  "",""tag"":[]}]",[],0,0,0,,,
10644,,,,0,[],FALSE,,"[{""name"":"""",""type"":""normal"",""charge"":""CD"",""num"":0,""description"":""                  "",""tag"":[]}]",[],0,0,0,,,
10645,,,,0,[],FALSE,,"[{""name"":"""",""type"":""normal"",""charge"":""CD"",""num"":0,""description"":""                  "",""tag"":[]}]",[],0,0,0,,,
10646,,,,0,[],FALSE,,"[{""name"":"""",""type"":""normal"",""charge"":""CD"",""num"":0,""description"":""                  "",""tag"":[]}]",[],0,0,0,,,
10647,,,,0,[],FALSE,,"[{""name"":"""",""type"":""normal"",""charge"":""CD"",""num"":0,""description"":""                  "",""tag"":[]}]",[],0,0,0,,,
10648,,,,0,[],FALSE,,"[{""name"":"""",""type"":""normal"",""charge"":""CD"",""num"":0,""description"":""                  "",""tag"":[]}]",[],0,0,0,,,
10649,,,,0,[],FALSE,,"[{""name"":"""",""type"":""normal"",""charge"":""CD"",""num"":0,""description"":""                  "",""tag"":[]}]",[],0,0,0,,,
10650,,,,0,[],FALSE,,"[{""name"":"""",""type"":""normal"",""charge"":""CD"",""num"":0,""description"":""                  "",""tag"":[]}]",[],0,0,0,,,
